dataset,method,n,accuracy,hP,hR,hF1,data_source
Adipose(Azimuth),mLLMCelltype,16,0.875,0.9187,0.9187,0.9187,supplementary
Adipose(Azimuth),GPTCelltype,16,0.8125,0.8562,0.8562,0.8562,supplementary
BCL(Cancer),mLLMCelltype,31,0.871,0.9161,0.9161,0.9161,supplementary
BCL(Cancer),GPTCelltype,31,0.7742,0.7968,0.7968,0.7968,supplementary
Bladder(TS),mLLMCelltype,14,0.8214,0.9464,0.9464,0.9464,supplementary
Bladder(TS),GPTCelltype,14,0.6786,0.8536,0.8536,0.8536,supplementary
Blood(TS),mLLMCelltype,16,0.5312,0.7719,0.7719,0.7719,supplementary
Blood(TS),GPTCelltype,16,0.5,0.675,0.675,0.675,supplementary
Bone Marrow(Azimuth),mLLMCelltype,40,0.5625,0.8512,0.8512,0.8512,supplementary
Bone Marrow(Azimuth),GPTCelltype,40,0.425,0.6525,0.6525,0.6525,supplementary
Bone Marrow(TS),mLLMCelltype,13,0.8077,0.9423,0.9423,0.9423,supplementary
Bone Marrow(TS),GPTCelltype,13,0.5769,0.7654,0.7654,0.7654,supplementary
Breast(GTEx),mLLMCelltype,18,0.9444,0.9833,0.9833,0.9833,supplementary
Breast(GTEx),GPTCelltype,18,0.6667,0.9,0.9,0.9,supplementary
Breast(Literature)(GTEx),mLLMCelltype,18,0.9444,0.9833,0.9833,0.9833,supplementary
Breast(Literature)(GTEx),GPTCelltype,18,0.8889,0.9667,0.9667,0.9667,supplementary
Colon(Cancer),mLLMCelltype,29,0.8621,0.9345,0.9345,0.9345,supplementary
Colon(Cancer),GPTCelltype,29,0.8448,0.9534,0.9534,0.9534,supplementary
Esophagus(GTEx),mLLMCelltype,59,0.8729,0.95,0.95,0.95,supplementary
Esophagus(GTEx),GPTCelltype,59,0.5254,0.6797,0.6797,0.6797,supplementary
Eye(TS),mLLMCelltype,26,0.5577,0.6788,0.6788,0.6788,supplementary
Eye(TS),GPTCelltype,26,0.4423,0.5365,0.5365,0.5365,supplementary
Fat(TS),mLLMCelltype,11,0.8182,0.8818,0.8818,0.8818,supplementary
Fat(TS),GPTCelltype,11,0.5909,0.6227,0.6227,0.6227,supplementary
Fetal Development(Azimuth),mLLMCelltype,77,0.4675,0.6675,0.6675,0.6675,supplementary
Fetal Development(Azimuth),GPTCelltype,77,0.3701,0.5656,0.5656,0.5656,supplementary
HCL,mLLMCelltype,63,0.5794,0.6627,0.6627,0.6627,supplementary
HCL,GPTCelltype,63,0.4762,0.5873,0.5873,0.5873,supplementary
Heart(Azimuth),mLLMCelltype,13,0.8462,0.9538,0.9538,0.9538,supplementary
Heart(Azimuth),GPTCelltype,13,0.6154,0.7231,0.7231,0.7231,supplementary
Heart(GTEx),mLLMCelltype,24,0.9792,0.9938,0.9938,0.9938,supplementary
Heart(GTEx),GPTCelltype,24,0.6667,0.7542,0.7542,0.7542,supplementary
Heart(Literature)(GTEx),mLLMCelltype,24,0.9167,0.9458,0.9458,0.9458,supplementary
Heart(Literature)(GTEx),GPTCelltype,24,0.7917,0.9375,0.9375,0.9375,supplementary
Kidney(Azimuth),mLLMCelltype,16,0.5938,0.7906,0.7906,0.7906,supplementary
Kidney(Azimuth),GPTCelltype,16,0.5,0.675,0.675,0.675,supplementary
Large Intestine(TS),mLLMCelltype,15,0.6667,0.7133,0.7133,0.7133,supplementary
Large Intestine(TS),GPTCelltype,15,0.4,0.54,0.54,0.54,supplementary
Liver(Azimuth),mLLMCelltype,23,0.7391,0.9217,0.9217,0.9217,supplementary
Liver(Azimuth),GPTCelltype,23,0.587,0.7239,0.7239,0.7239,supplementary
Liver(TS),mLLMCelltype,11,0.8182,0.9455,0.9455,0.9455,supplementary
Liver(TS),GPTCelltype,11,0.5455,0.7364,0.7364,0.7364,supplementary
Lung(Azimuth),mLLMCelltype,10,0.65,0.895,0.895,0.895,supplementary
Lung(Azimuth),GPTCelltype,10,0.5,0.64,0.64,0.64,supplementary
Lung(Cancer),mLLMCelltype,39,0.859,0.8859,0.8859,0.8859,supplementary
Lung(Cancer),GPTCelltype,39,0.8462,0.9538,0.9538,0.9538,supplementary
Lung(GTEx),mLLMCelltype,23,0.8478,0.9239,0.9239,0.9239,supplementary
Lung(GTEx),GPTCelltype,23,0.5217,0.7043,0.7043,0.7043,supplementary
Lung(Literature)(GTEx),mLLMCelltype,23,0.8913,0.9674,0.9674,0.9674,supplementary
Lung(Literature)(GTEx),GPTCelltype,23,0.7391,0.7696,0.7696,0.7696,supplementary
Lung(TS),mLLMCelltype,35,0.6857,0.9057,0.9057,0.9057,supplementary
Lung(TS),GPTCelltype,35,0.5143,0.6943,0.6943,0.6943,supplementary
Lymph Node(TS),mLLMCelltype,21,0.5952,0.7786,0.7786,0.7786,supplementary
Lymph Node(TS),GPTCelltype,21,0.5476,0.7643,0.7643,0.7643,supplementary
MCA,mLLMCelltype,67,0.5821,0.791,0.791,0.791,supplementary
MCA,GPTCelltype,67,0.5224,0.6269,0.6269,0.6269,supplementary
Mammary(TS),mLLMCelltype,13,0.9615,0.9885,0.9885,0.9885,supplementary
Mammary(TS),GPTCelltype,13,0.6538,0.7885,0.7885,0.7885,supplementary
Muscle(TS),mLLMCelltype,18,0.5833,0.8361,0.8361,0.8361,supplementary
Muscle(TS),GPTCelltype,18,0.5,0.6556,0.6556,0.6556,supplementary
Pancreas(Azimuth),mLLMCelltype,13,0.6923,0.8538,0.8538,0.8538,supplementary
Pancreas(Azimuth),GPTCelltype,13,0.5385,0.7,0.7,0.7,supplementary
Pancreas(TS),mLLMCelltype,13,0.8846,0.9654,0.9654,0.9654,supplementary
Pancreas(TS),GPTCelltype,13,0.7308,0.9192,0.9192,0.9192,supplementary
Prostate(GTEx),mLLMCelltype,25,0.86,0.93,0.93,0.93,supplementary
Prostate(GTEx),GPTCelltype,25,0.48,0.648,0.648,0.648,supplementary
Prostate(Literature)(GTEx),mLLMCelltype,25,0.86,0.902,0.902,0.902,supplementary
Prostate(Literature)(GTEx),GPTCelltype,25,0.84,0.952,0.952,0.952,supplementary
Prostate(TS),mLLMCelltype,12,0.6667,0.7833,0.7833,0.7833,supplementary
Prostate(TS),GPTCelltype,12,0.5,0.675,0.675,0.675,supplementary
Salivary Gland(TS),mLLMCelltype,22,0.6591,0.8341,0.8341,0.8341,supplementary
Salivary Gland(TS),GPTCelltype,22,0.4773,0.6205,0.6205,0.6205,supplementary
Skeletal Muscle(GTEx),mLLMCelltype,25,0.92,0.976,0.976,0.976,supplementary
Skeletal Muscle(GTEx),GPTCelltype,25,0.68,0.82,0.82,0.82,supplementary
Skeletal Muscle(Literature)(GTEx),mLLMCelltype,25,0.96,0.988,0.988,0.988,supplementary
Skeletal Muscle(Literature)(GTEx),GPTCelltype,25,0.84,0.952,0.952,0.952,supplementary
Skin(GTEx),mLLMCelltype,26,0.7885,0.8288,0.8288,0.8288,supplementary
Skin(GTEx),GPTCelltype,26,0.6923,0.8269,0.8269,0.8269,supplementary
Skin(Literature)(GTEx),mLLMCelltype,23,0.8478,0.863,0.863,0.863,supplementary
Skin(Literature)(GTEx),GPTCelltype,23,0.6957,0.7565,0.7565,0.7565,supplementary
Small Intestine(TS),mLLMCelltype,15,0.6,0.74,0.74,0.74,supplementary
Small Intestine(TS),GPTCelltype,15,0.3667,0.53,0.53,0.53,supplementary
Spleen(TS),mLLMCelltype,21,0.5952,0.7119,0.7119,0.7119,supplementary
Spleen(TS),GPTCelltype,21,0.5238,0.7238,0.7238,0.7238,supplementary
Thymus(TS),mLLMCelltype,20,0.85,0.955,0.955,0.955,supplementary
Thymus(TS),GPTCelltype,20,0.575,0.8025,0.8025,0.8025,supplementary
Tongue(TS),mLLMCelltype,10,0.7,0.91,0.91,0.91,supplementary
Tongue(TS),GPTCelltype,10,0.6,0.74,0.74,0.74,supplementary
Tonsil(Azimuth),mLLMCelltype,42,0.6429,0.8429,0.8429,0.8429,supplementary
Tonsil(Azimuth),GPTCelltype,42,0.4524,0.7024,0.7024,0.7024,supplementary
Trachea(TS),mLLMCelltype,17,0.8235,0.9059,0.9059,0.9059,supplementary
Trachea(TS),GPTCelltype,17,0.6176,0.7206,0.7206,0.7206,supplementary
Uterus(TS),mLLMCelltype,12,0.9167,0.975,0.975,0.975,supplementary
Uterus(TS),GPTCelltype,12,0.7083,0.7958,0.7958,0.7958,supplementary
Vasculature(TS),mLLMCelltype,13,0.9615,0.9885,0.9885,0.9885,supplementary
Vasculature(TS),GPTCelltype,13,0.9615,0.9885,0.9885,0.9885,supplementary
esophagus(Literature (GTEx)),mLLMCelltype,59,0.8644,0.9119,0.9119,0.9119,supplementary
esophagus(Literature (GTEx)),GPTCelltype,59,0.822,0.9229,0.9229,0.9229,supplementary
